{
  "apocryphal": {
    "name": "Apocryphal Texts",
    "path": "/mythos/apocryphal/",
    "sections": {
      "angels": {
        "name": "Angels",
        "path": "/mythos/apocryphal/angels/",
        "topics": {}
      },
      "cosmology": {
        "name": "Cosmology",
        "path": "/mythos/apocryphal/cosmology/",
        "topics": {}
      },
      "creatures": {
        "name": "Creatures",
        "path": "/mythos/apocryphal/creatures/",
        "topics": {}
      },
      "heroes": {
        "name": "Heroes",
        "path": "/mythos/apocryphal/heroes/",
        "topics": {}
      },
      "magic": {
        "name": "Magic & Mysticism",
        "path": "/mythos/apocryphal/magic/",
        "topics": {}
      },
      "texts": {
        "name": "Sacred Texts",
        "path": "/mythos/apocryphal/texts/",
        "topics": {}
      }
    },
    "topics": {
      "cosmology-map": {
        "name": "Cosmology Map",
        "path": "/mythos/apocryphal/cosmology-map.html"
      },
      "enoch-visualizations": {
        "name": "Enoch Visualizations",
        "path": "/mythos/apocryphal/enoch-visualizations.html"
      },
      "portals-and-gates": {
        "name": "Portals And Gates",
        "path": "/mythos/apocryphal/portals-and-gates.html"
      },
      "temple-mysteries": {
        "name": "Temple Mysteries",
        "path": "/mythos/apocryphal/temple-mysteries.html"
      }
    }
  },
  "aztec": {
    "name": "Aztec Mythology",
    "path": "/mythos/aztec/",
    "sections": {
      "deities": {
        "name": "Deities",
        "path": "/mythos/aztec/deities/",
        "topics": {
          "coatlicue": {
            "name": "Coatlicue",
            "path": "/mythos/aztec/deities/coatlicue.html"
          },
          "huitzilopochtli": {
            "name": "Huitzilopochtli",
            "path": "/mythos/aztec/deities/huitzilopochtli.html"
          },
          "quetzalcoatl": {
            "name": "Quetzalcoatl",
            "path": "/mythos/aztec/deities/quetzalcoatl.html"
          },
          "tezcatlipoca": {
            "name": "Tezcatlipoca",
            "path": "/mythos/aztec/deities/tezcatlipoca.html"
          },
          "tlaloc": {
            "name": "Tlaloc",
            "path": "/mythos/aztec/deities/tlaloc.html"
          }
        }
      }
    }
  },
  "babylonian": {
    "name": "Babylonian Mythology",
    "path": "/mythos/babylonian/",
    "sections": {
      "cosmology": {
        "name": "Cosmology",
        "path": "/mythos/babylonian/cosmology/",
        "topics": {
          "afterlife": {
            "name": "Afterlife",
            "path": "/mythos/babylonian/cosmology/afterlife.html"
          },
          "apsu": {
            "name": "Apsu",
            "path": "/mythos/babylonian/cosmology/apsu.html"
          },
          "creation": {
            "name": "Creation",
            "path": "/mythos/babylonian/cosmology/creation.html"
          }
        }
      },
      "creatures": {
        "name": "Creatures",
        "path": "/mythos/babylonian/creatures/",
        "topics": {
          "mushussu": {
            "name": "Mushussu",
            "path": "/mythos/babylonian/creatures/mushussu.html"
          },
          "scorpion-men": {
            "name": "Scorpion Men",
            "path": "/mythos/babylonian/creatures/scorpion-men.html"
          }
        }
      },
      "deities": {
        "name": "Deities",
        "path": "/mythos/babylonian/deities/",
        "topics": {
          "ea": {
            "name": "Ea",
            "path": "/mythos/babylonian/deities/ea.html"
          },
          "ishtar": {
            "name": "Ishtar",
            "path": "/mythos/babylonian/deities/ishtar.html"
          },
          "marduk": {
            "name": "Marduk",
            "path": "/mythos/babylonian/deities/marduk.html"
          },
          "nabu": {
            "name": "Nabu",
            "path": "/mythos/babylonian/deities/nabu.html"
          },
          "nergal": {
            "name": "Nergal",
            "path": "/mythos/babylonian/deities/nergal.html"
          },
          "shamash": {
            "name": "Shamash",
            "path": "/mythos/babylonian/deities/shamash.html"
          },
          "sin": {
            "name": "Sin",
            "path": "/mythos/babylonian/deities/sin.html"
          },
          "tiamat": {
            "name": "Tiamat",
            "path": "/mythos/babylonian/deities/tiamat.html"
          }
        }
      },
      "herbs": {
        "name": "Sacred Plants",
        "path": "/mythos/babylonian/herbs/",
        "topics": {}
      },
      "heroes": {
        "name": "Heroes",
        "path": "/mythos/babylonian/heroes/",
        "topics": {
          "gilgamesh": {
            "name": "Gilgamesh",
            "path": "/mythos/babylonian/heroes/gilgamesh.html"
          },
          "hammurabi": {
            "name": "Hammurabi",
            "path": "/mythos/babylonian/heroes/hammurabi.html"
          }
        }
      },
      "magic": {
        "name": "Magic & Mysticism",
        "path": "/mythos/babylonian/magic/",
        "topics": {}
      },
      "path": {
        "name": "Spiritual Path",
        "path": "/mythos/babylonian/path/",
        "topics": {}
      },
      "texts": {
        "name": "Sacred Texts",
        "path": "/mythos/babylonian/texts/",
        "topics": {}
      }
    },
    "topics": {
      "corpus-search": {
        "name": "Corpus Search",
        "path": "/mythos/babylonian/corpus-search.html"
      }
    }
  },
  "buddhist": {
    "name": "Buddhist Tradition",
    "path": "/mythos/buddhist/",
    "sections": {
      "concepts": {
        "name": "Concepts",
        "path": "/mythos/buddhist/concepts/",
        "topics": {
          "bodhisattva": {
            "name": "Bodhisattva",
            "path": "/mythos/buddhist/concepts/bodhisattva.html"
          },
          "compassion": {
            "name": "Compassion",
            "path": "/mythos/buddhist/concepts/compassion.html"
          }
        }
      },
      "cosmology": {
        "name": "Cosmology",
        "path": "/mythos/buddhist/cosmology/",
        "topics": {
          "afterlife": {
            "name": "Afterlife",
            "path": "/mythos/buddhist/cosmology/afterlife.html"
          },
          "creation": {
            "name": "Creation",
            "path": "/mythos/buddhist/cosmology/creation.html"
          },
          "dependent_origination": {
            "name": "Dependent_origination",
            "path": "/mythos/buddhist/cosmology/dependent_origination.html"
          },
          "karma": {
            "name": "Karma",
            "path": "/mythos/buddhist/cosmology/karma.html"
          },
          "klesha": {
            "name": "Klesha",
            "path": "/mythos/buddhist/cosmology/klesha.html"
          },
          "nirvana": {
            "name": "Nirvana",
            "path": "/mythos/buddhist/cosmology/nirvana.html"
          },
          "potala_palace": {
            "name": "Potala_palace",
            "path": "/mythos/buddhist/cosmology/potala_palace.html"
          },
          "realms": {
            "name": "Realms",
            "path": "/mythos/buddhist/cosmology/realms.html"
          },
          "samsara": {
            "name": "Samsara",
            "path": "/mythos/buddhist/cosmology/samsara.html"
          }
        }
      },
      "creatures": {
        "name": "Creatures",
        "path": "/mythos/buddhist/creatures/",
        "topics": {
          "nagas": {
            "name": "Nagas",
            "path": "/mythos/buddhist/creatures/nagas.html"
          }
        }
      },
      "deities": {
        "name": "Deities",
        "path": "/mythos/buddhist/deities/",
        "topics": {
          "avalokiteshvara": {
            "name": "Avalokiteshvara",
            "path": "/mythos/buddhist/deities/avalokiteshvara.html"
          },
          "avalokiteshvara_detailed": {
            "name": "Avalokiteshvara_detailed",
            "path": "/mythos/buddhist/deities/avalokiteshvara_detailed.html"
          },
          "buddha": {
            "name": "Buddha",
            "path": "/mythos/buddhist/deities/buddha.html"
          },
          "gautama_buddha": {
            "name": "Gautama_buddha",
            "path": "/mythos/buddhist/deities/gautama_buddha.html"
          },
          "guanyin": {
            "name": "Guanyin",
            "path": "/mythos/buddhist/deities/guanyin.html"
          },
          "manjushri": {
            "name": "Manjushri",
            "path": "/mythos/buddhist/deities/manjushri.html"
          },
          "manjushri_detailed": {
            "name": "Manjushri_detailed",
            "path": "/mythos/buddhist/deities/manjushri_detailed.html"
          },
          "yamantaka": {
            "name": "Yamantaka",
            "path": "/mythos/buddhist/deities/yamantaka.html"
          }
        }
      },
      "herbs": {
        "name": "Sacred Plants",
        "path": "/mythos/buddhist/herbs/",
        "topics": {
          "bodhi": {
            "name": "Bodhi",
            "path": "/mythos/buddhist/herbs/bodhi.html"
          },
          "lotus": {
            "name": "Lotus",
            "path": "/mythos/buddhist/herbs/lotus.html"
          },
          "preparations": {
            "name": "Preparations",
            "path": "/mythos/buddhist/herbs/preparations.html"
          },
          "sandalwood": {
            "name": "Sandalwood",
            "path": "/mythos/buddhist/herbs/sandalwood.html"
          }
        }
      },
      "heroes": {
        "name": "Heroes",
        "path": "/mythos/buddhist/heroes/",
        "topics": {
          "dalai_lama": {
            "name": "Dalai_lama",
            "path": "/mythos/buddhist/heroes/dalai_lama.html"
          },
          "king_songtsen_gampo": {
            "name": "King_songtsen_gampo",
            "path": "/mythos/buddhist/heroes/king_songtsen_gampo.html"
          },
          "nagarjuna": {
            "name": "Nagarjuna",
            "path": "/mythos/buddhist/heroes/nagarjuna.html"
          },
          "shantideva": {
            "name": "Shantideva",
            "path": "/mythos/buddhist/heroes/shantideva.html"
          },
          "tsongkhapa": {
            "name": "Tsongkhapa",
            "path": "/mythos/buddhist/heroes/tsongkhapa.html"
          }
        }
      },
      "magic": {
        "name": "Magic & Mysticism",
        "path": "/mythos/buddhist/magic/",
        "topics": {}
      },
      "path": {
        "name": "Spiritual Path",
        "path": "/mythos/buddhist/path/",
        "topics": {}
      },
      "texts": {
        "name": "Sacred Texts",
        "path": "/mythos/buddhist/texts/",
        "topics": {}
      }
    },
    "topics": {
      "corpus-search": {
        "name": "Corpus Search",
        "path": "/mythos/buddhist/corpus-search.html"
      }
    }
  },
  "celtic": {
    "name": "Celtic Mythology",
    "path": "/mythos/celtic/",
    "sections": {
      "cosmology": {
        "name": "Cosmology",
        "path": "/mythos/celtic/cosmology/",
        "topics": {
          "afterlife": {
            "name": "Afterlife",
            "path": "/mythos/celtic/cosmology/afterlife.html"
          },
          "creation": {
            "name": "Creation",
            "path": "/mythos/celtic/cosmology/creation.html"
          }
        }
      },
      "creatures": {
        "name": "Creatures",
        "path": "/mythos/celtic/creatures/",
        "topics": {}
      },
      "deities": {
        "name": "Deities",
        "path": "/mythos/celtic/deities/",
        "topics": {
          "aengus": {
            "name": "Aengus",
            "path": "/mythos/celtic/deities/aengus.html"
          },
          "brigid": {
            "name": "Brigid",
            "path": "/mythos/celtic/deities/brigid.html"
          },
          "cernunnos": {
            "name": "Cernunnos",
            "path": "/mythos/celtic/deities/cernunnos.html"
          },
          "dagda": {
            "name": "Dagda",
            "path": "/mythos/celtic/deities/dagda.html"
          },
          "danu": {
            "name": "Danu",
            "path": "/mythos/celtic/deities/danu.html"
          },
          "lugh": {
            "name": "Lugh",
            "path": "/mythos/celtic/deities/lugh.html"
          },
          "manannan": {
            "name": "Manannan",
            "path": "/mythos/celtic/deities/manannan.html"
          },
          "morrigan": {
            "name": "Morrigan",
            "path": "/mythos/celtic/deities/morrigan.html"
          },
          "nuada": {
            "name": "Nuada",
            "path": "/mythos/celtic/deities/nuada.html"
          },
          "ogma": {
            "name": "Ogma",
            "path": "/mythos/celtic/deities/ogma.html"
          }
        }
      },
      "herbs": {
        "name": "Sacred Plants",
        "path": "/mythos/celtic/herbs/",
        "topics": {}
      },
      "heroes": {
        "name": "Heroes",
        "path": "/mythos/celtic/heroes/",
        "topics": {}
      },
      "magic": {
        "name": "Magic & Mysticism",
        "path": "/mythos/celtic/magic/",
        "topics": {}
      },
      "path": {
        "name": "Spiritual Path",
        "path": "/mythos/celtic/path/",
        "topics": {}
      },
      "texts": {
        "name": "Sacred Texts",
        "path": "/mythos/celtic/texts/",
        "topics": {}
      }
    }
  },
  "christian": {
    "name": "Christian Tradition",
    "path": "/mythos/christian/",
    "sections": {
      "cosmology": {
        "name": "Cosmology",
        "path": "/mythos/christian/cosmology/",
        "topics": {
          "afterlife": {
            "name": "Afterlife",
            "path": "/mythos/christian/cosmology/afterlife.html"
          },
          "creation": {
            "name": "Creation",
            "path": "/mythos/christian/cosmology/creation.html"
          },
          "grace": {
            "name": "Grace",
            "path": "/mythos/christian/cosmology/grace.html"
          },
          "heaven": {
            "name": "Heaven",
            "path": "/mythos/christian/cosmology/heaven.html"
          },
          "incarnation": {
            "name": "Incarnation",
            "path": "/mythos/christian/cosmology/incarnation.html"
          },
          "resurrection": {
            "name": "Resurrection",
            "path": "/mythos/christian/cosmology/resurrection.html"
          },
          "salvation": {
            "name": "Salvation",
            "path": "/mythos/christian/cosmology/salvation.html"
          },
          "trinity": {
            "name": "Trinity",
            "path": "/mythos/christian/cosmology/trinity.html"
          }
        }
      },
      "creatures": {
        "name": "Creatures",
        "path": "/mythos/christian/creatures/",
        "topics": {
          "hierarchy": {
            "name": "Hierarchy",
            "path": "/mythos/christian/creatures/hierarchy.html"
          },
          "angels": {
            "name": "Angels",
            "path": "/mythos/christian/creatures/angels.html"
          },
          "seraphim": {
            "name": "Seraphim",
            "path": "/mythos/christian/creatures/seraphim.html"
          }
        }
      },
      "deities": {
        "name": "Deities",
        "path": "/mythos/christian/deities/",
        "topics": {
          "gabriel": {
            "name": "Gabriel",
            "path": "/mythos/christian/deities/gabriel.html"
          },
          "god-father": {
            "name": "God Father",
            "path": "/mythos/christian/deities/god-father.html"
          },
          "holy-spirit": {
            "name": "Holy Spirit",
            "path": "/mythos/christian/deities/holy-spirit.html"
          },
          "jesus-christ": {
            "name": "Jesus Christ",
            "path": "/mythos/christian/deities/jesus-christ.html"
          },
          "jesus_christ": {
            "name": "Jesus_christ",
            "path": "/mythos/christian/deities/jesus_christ.html"
          },
          "michael": {
            "name": "Michael",
            "path": "/mythos/christian/deities/michael.html"
          },
          "raphael": {
            "name": "Raphael",
            "path": "/mythos/christian/deities/raphael.html"
          },
          "virgin_mary": {
            "name": "Virgin_mary",
            "path": "/mythos/christian/deities/virgin_mary.html"
          }
        }
      },
      "herbs": {
        "name": "Sacred Plants",
        "path": "/mythos/christian/herbs/",
        "topics": {}
      },
      "heroes": {
        "name": "Heroes",
        "path": "/mythos/christian/heroes/",
        "topics": {
          "daniel": {
            "name": "Daniel",
            "path": "/mythos/christian/heroes/daniel.html"
          },
          "andrew": {
            "name": "Andrew",
            "path": "/mythos/christian/heroes/andrew.html"
          },
          "james-son-of-zebedee": {
            "name": "James Son Of Zebedee",
            "path": "/mythos/christian/heroes/james-son-of-zebedee.html"
          },
          "john": {
            "name": "John",
            "path": "/mythos/christian/heroes/john.html"
          },
          "peter": {
            "name": "Peter",
            "path": "/mythos/christian/heroes/peter.html"
          },
          "elijah": {
            "name": "Elijah",
            "path": "/mythos/christian/heroes/elijah.html"
          },
          "moses": {
            "name": "Moses",
            "path": "/mythos/christian/heroes/moses.html"
          }
        }
      },
      "lineage": {
        "name": "Lineage",
        "path": "/mythos/christian/lineage/",
        "topics": {
          "abraham": {
            "name": "Abraham",
            "path": "/mythos/christian/lineage/abraham.html"
          },
          "david": {
            "name": "David",
            "path": "/mythos/christian/lineage/david.html"
          },
          "davidic-line": {
            "name": "Davidic Line",
            "path": "/mythos/christian/lineage/davidic-line.html"
          },
          "key-ancestors": {
            "name": "Key Ancestors",
            "path": "/mythos/christian/lineage/key-ancestors.html"
          },
          "luke-genealogy": {
            "name": "Luke Genealogy",
            "path": "/mythos/christian/lineage/luke-genealogy.html"
          },
          "matthew-genealogy": {
            "name": "Matthew Genealogy",
            "path": "/mythos/christian/lineage/matthew-genealogy.html"
          },
          "women-in-lineage": {
            "name": "Women In Lineage",
            "path": "/mythos/christian/lineage/women-in-lineage.html"
          }
        }
      },
      "magic": {
        "name": "Magic & Mysticism",
        "path": "/mythos/christian/magic/",
        "topics": {}
      },
      "path": {
        "name": "Spiritual Path",
        "path": "/mythos/christian/path/",
        "topics": {}
      },
      "teachings": {
        "name": "Teachings",
        "path": "/mythos/christian/teachings/",
        "topics": {
          "mustard-seed": {
            "name": "Mustard Seed",
            "path": "/mythos/christian/teachings/mustard-seed.html"
          },
          "beatitudes-overview": {
            "name": "Beatitudes Overview",
            "path": "/mythos/christian/teachings/beatitudes-overview.html"
          },
          "blessed-mourn": {
            "name": "Blessed Mourn",
            "path": "/mythos/christian/teachings/blessed-mourn.html"
          },
          "blessed-poor-in-spirit": {
            "name": "Blessed Poor In Spirit",
            "path": "/mythos/christian/teachings/blessed-poor-in-spirit.html"
          },
          "context": {
            "name": "Context",
            "path": "/mythos/christian/teachings/context.html"
          },
          "impossible-standard": {
            "name": "Impossible Standard",
            "path": "/mythos/christian/teachings/impossible-standard.html"
          },
          "lords-prayer": {
            "name": "Lords Prayer",
            "path": "/mythos/christian/teachings/lords-prayer.html"
          },
          "love-enemies": {
            "name": "Love Enemies",
            "path": "/mythos/christian/teachings/love-enemies.html"
          },
          "structure": {
            "name": "Structure",
            "path": "/mythos/christian/teachings/structure.html"
          }
        }
      },
      "texts": {
        "name": "Sacred Texts",
        "path": "/mythos/christian/texts/",
        "topics": {
          "144000": {
            "name": "144000",
            "path": "/mythos/christian/texts/144000.html"
          },
          "babylon-falls": {
            "name": "Babylon Falls",
            "path": "/mythos/christian/texts/babylon-falls.html"
          },
          "christ-returns": {
            "name": "Christ Returns",
            "path": "/mythos/christian/texts/christ-returns.html"
          },
          "four-horsemen": {
            "name": "Four Horsemen",
            "path": "/mythos/christian/texts/four-horsemen.html"
          },
          "four-living-creatures": {
            "name": "Four Living Creatures",
            "path": "/mythos/christian/texts/four-living-creatures.html"
          },
          "gog-magog": {
            "name": "Gog Magog",
            "path": "/mythos/christian/texts/gog-magog.html"
          },
          "heavenly-throne": {
            "name": "Heavenly Throne",
            "path": "/mythos/christian/texts/heavenly-throne.html"
          },
          "mark-of-beast": {
            "name": "Mark Of Beast",
            "path": "/mythos/christian/texts/mark-of-beast.html"
          },
          "millennium": {
            "name": "Millennium",
            "path": "/mythos/christian/texts/millennium.html"
          },
          "new-creation": {
            "name": "New Creation",
            "path": "/mythos/christian/texts/new-creation.html"
          },
          "new-jerusalem": {
            "name": "New Jerusalem",
            "path": "/mythos/christian/texts/new-jerusalem.html"
          },
          "old-testament-parallels": {
            "name": "Old Testament Parallels",
            "path": "/mythos/christian/texts/old-testament-parallels.html"
          },
          "babylon-fall-detailed": {
            "name": "Babylon Fall Detailed",
            "path": "/mythos/christian/texts/babylon-fall-detailed.html"
          },
          "beast-kingdoms-progression": {
            "name": "Beast Kingdoms Progression",
            "path": "/mythos/christian/texts/beast-kingdoms-progression.html"
          },
          "covenant-formulas": {
            "name": "Covenant Formulas",
            "path": "/mythos/christian/texts/covenant-formulas.html"
          },
          "daniel-parallels": {
            "name": "Daniel Parallels",
            "path": "/mythos/christian/texts/daniel-parallels.html"
          },
          "exodus-parallels": {
            "name": "Exodus Parallels",
            "path": "/mythos/christian/texts/exodus-parallels.html"
          },
          "ezekiel-parallels": {
            "name": "Ezekiel Parallels",
            "path": "/mythos/christian/texts/ezekiel-parallels.html"
          },
          "furnace-and-fire-judgments": {
            "name": "Furnace And Fire Judgments",
            "path": "/mythos/christian/texts/furnace-and-fire-judgments.html"
          },
          "isaiah-parallels": {
            "name": "Isaiah Parallels",
            "path": "/mythos/christian/texts/isaiah-parallels.html"
          },
          "joel-parallels": {
            "name": "Joel Parallels",
            "path": "/mythos/christian/texts/joel-parallels.html"
          },
          "names-and-titles": {
            "name": "Names And Titles",
            "path": "/mythos/christian/texts/names-and-titles.html"
          },
          "seven-patterns": {
            "name": "Seven Patterns",
            "path": "/mythos/christian/texts/seven-patterns.html"
          },
          "zechariah-parallels": {
            "name": "Zechariah Parallels",
            "path": "/mythos/christian/texts/zechariah-parallels.html"
          },
          "seven-bowls": {
            "name": "Seven Bowls",
            "path": "/mythos/christian/texts/seven-bowls.html"
          },
          "seven-churches": {
            "name": "Seven Churches",
            "path": "/mythos/christian/texts/seven-churches.html"
          },
          "seven-seals": {
            "name": "Seven Seals",
            "path": "/mythos/christian/texts/seven-seals.html"
          },
          "seven-trumpets": {
            "name": "Seven Trumpets",
            "path": "/mythos/christian/texts/seven-trumpets.html"
          },
          "structure": {
            "name": "Structure",
            "path": "/mythos/christian/texts/structure.html"
          },
          "symbolism": {
            "name": "Symbolism",
            "path": "/mythos/christian/texts/symbolism.html"
          },
          "two-beasts": {
            "name": "Two Beasts",
            "path": "/mythos/christian/texts/two-beasts.html"
          },
          "woman-and-dragon": {
            "name": "Woman And Dragon",
            "path": "/mythos/christian/texts/woman-and-dragon.html"
          }
        }
      },
      "theology": {
        "name": "Theology",
        "path": "/mythos/christian/theology/",
        "topics": {
          "apokatastasis": {
            "name": "Apokatastasis",
            "path": "/mythos/christian/theology/apokatastasis.html"
          },
          "harrowing-of-hell": {
            "name": "Harrowing Of Hell",
            "path": "/mythos/christian/theology/harrowing-of-hell.html"
          },
          "universal-salvation": {
            "name": "Universal Salvation",
            "path": "/mythos/christian/theology/universal-salvation.html"
          }
        }
      }
    },
    "topics": {
      "corpus-search": {
        "name": "Corpus Search",
        "path": "/mythos/christian/corpus-search.html"
      }
    }
  },
  "comparative": {
    "name": "Comparative Studies",
    "path": "/mythos/comparative/",
    "sections": {}
  },
  "egyptian": {
    "name": "Egyptian Mythology",
    "path": "/mythos/egyptian/",
    "sections": {
      "concepts": {
        "name": "Concepts",
        "path": "/mythos/egyptian/concepts/",
        "topics": {
          "maat": {
            "name": "Maat",
            "path": "/mythos/egyptian/concepts/maat.html"
          }
        }
      },
      "cosmology": {
        "name": "Cosmology",
        "path": "/mythos/egyptian/cosmology/",
        "topics": {
          "afterlife": {
            "name": "Afterlife",
            "path": "/mythos/egyptian/cosmology/afterlife.html"
          },
          "creation-myths": {
            "name": "Creation Myths",
            "path": "/mythos/egyptian/cosmology/creation-myths.html"
          },
          "creation": {
            "name": "Creation",
            "path": "/mythos/egyptian/cosmology/creation.html"
          },
          "duat": {
            "name": "Duat",
            "path": "/mythos/egyptian/cosmology/duat.html"
          },
          "ennead": {
            "name": "Ennead",
            "path": "/mythos/egyptian/cosmology/ennead.html"
          },
          "nun": {
            "name": "Nun",
            "path": "/mythos/egyptian/cosmology/nun.html"
          }
        }
      },
      "creatures": {
        "name": "Creatures",
        "path": "/mythos/egyptian/creatures/",
        "topics": {
          "sphinx": {
            "name": "Sphinx",
            "path": "/mythos/egyptian/creatures/sphinx.html"
          }
        }
      },
      "deities": {
        "name": "Deities",
        "path": "/mythos/egyptian/deities/",
        "topics": {
          "amun-ra": {
            "name": "Amun Ra",
            "path": "/mythos/egyptian/deities/amun-ra.html"
          },
          "anhur": {
            "name": "Anhur",
            "path": "/mythos/egyptian/deities/anhur.html"
          },
          "anubis": {
            "name": "Anubis",
            "path": "/mythos/egyptian/deities/anubis.html"
          },
          "apep": {
            "name": "Apep",
            "path": "/mythos/egyptian/deities/apep.html"
          },
          "atum": {
            "name": "Atum",
            "path": "/mythos/egyptian/deities/atum.html"
          },
          "bastet": {
            "name": "Bastet",
            "path": "/mythos/egyptian/deities/bastet.html"
          },
          "geb": {
            "name": "Geb",
            "path": "/mythos/egyptian/deities/geb.html"
          },
          "hathor": {
            "name": "Hathor",
            "path": "/mythos/egyptian/deities/hathor.html"
          },
          "horus": {
            "name": "Horus",
            "path": "/mythos/egyptian/deities/horus.html"
          },
          "imhotep": {
            "name": "Imhotep",
            "path": "/mythos/egyptian/deities/imhotep.html"
          },
          "isis": {
            "name": "Isis",
            "path": "/mythos/egyptian/deities/isis.html"
          },
          "maat": {
            "name": "Maat",
            "path": "/mythos/egyptian/deities/maat.html"
          },
          "montu": {
            "name": "Montu",
            "path": "/mythos/egyptian/deities/montu.html"
          },
          "neith": {
            "name": "Neith",
            "path": "/mythos/egyptian/deities/neith.html"
          },
          "nephthys": {
            "name": "Nephthys",
            "path": "/mythos/egyptian/deities/nephthys.html"
          },
          "nut": {
            "name": "Nut",
            "path": "/mythos/egyptian/deities/nut.html"
          },
          "osiris": {
            "name": "Osiris",
            "path": "/mythos/egyptian/deities/osiris.html"
          },
          "ptah": {
            "name": "Ptah",
            "path": "/mythos/egyptian/deities/ptah.html"
          },
          "ra": {
            "name": "Ra",
            "path": "/mythos/egyptian/deities/ra.html"
          },
          "satis": {
            "name": "Satis",
            "path": "/mythos/egyptian/deities/satis.html"
          },
          "sekhmet": {
            "name": "Sekhmet",
            "path": "/mythos/egyptian/deities/sekhmet.html"
          },
          "set": {
            "name": "Set",
            "path": "/mythos/egyptian/deities/set.html"
          },
          "sobek": {
            "name": "Sobek",
            "path": "/mythos/egyptian/deities/sobek.html"
          },
          "tefnut": {
            "name": "Tefnut",
            "path": "/mythos/egyptian/deities/tefnut.html"
          },
          "thoth": {
            "name": "Thoth",
            "path": "/mythos/egyptian/deities/thoth.html"
          }
        }
      },
      "herbs": {
        "name": "Sacred Plants",
        "path": "/mythos/egyptian/herbs/",
        "topics": {
          "lotus": {
            "name": "Lotus",
            "path": "/mythos/egyptian/herbs/lotus.html"
          }
        }
      },
      "heroes": {
        "name": "Heroes",
        "path": "/mythos/egyptian/heroes/",
        "topics": {}
      },
      "magic": {
        "name": "Magic & Mysticism",
        "path": "/mythos/egyptian/magic/",
        "topics": {}
      },
      "path": {
        "name": "Spiritual Path",
        "path": "/mythos/egyptian/path/",
        "topics": {}
      },
      "texts": {
        "name": "Sacred Texts",
        "path": "/mythos/egyptian/texts/",
        "topics": {
          "amduat": {
            "name": "Amduat",
            "path": "/mythos/egyptian/texts/amduat.html"
          }
        }
      }
    },
    "topics": {
      "corpus-search": {
        "name": "Corpus Search",
        "path": "/mythos/egyptian/corpus-search.html"
      }
    }
  },
  "greek": {
    "name": "Greek Mythology",
    "path": "/mythos/greek/",
    "sections": {
      "cosmology": {
        "name": "Cosmology",
        "path": "/mythos/greek/cosmology/",
        "topics": {
          "afterlife": {
            "name": "Afterlife",
            "path": "/mythos/greek/cosmology/afterlife.html"
          },
          "creation": {
            "name": "Creation",
            "path": "/mythos/greek/cosmology/creation.html"
          },
          "mount-olympus": {
            "name": "Mount Olympus",
            "path": "/mythos/greek/cosmology/mount-olympus.html"
          },
          "primordials": {
            "name": "Primordials",
            "path": "/mythos/greek/cosmology/primordials.html"
          },
          "titans": {
            "name": "Titans",
            "path": "/mythos/greek/cosmology/titans.html"
          },
          "underworld": {
            "name": "Underworld",
            "path": "/mythos/greek/cosmology/underworld.html"
          }
        }
      },
      "creatures": {
        "name": "Creatures",
        "path": "/mythos/greek/creatures/",
        "topics": {
          "chimera": {
            "name": "Chimera",
            "path": "/mythos/greek/creatures/chimera.html"
          },
          "hydra": {
            "name": "Hydra",
            "path": "/mythos/greek/creatures/hydra.html"
          },
          "medusa": {
            "name": "Medusa",
            "path": "/mythos/greek/creatures/medusa.html"
          },
          "minotaur": {
            "name": "Minotaur",
            "path": "/mythos/greek/creatures/minotaur.html"
          },
          "pegasus": {
            "name": "Pegasus",
            "path": "/mythos/greek/creatures/pegasus.html"
          },
          "sphinx": {
            "name": "Sphinx",
            "path": "/mythos/greek/creatures/sphinx.html"
          },
          "stymphalian-birds": {
            "name": "Stymphalian Birds",
            "path": "/mythos/greek/creatures/stymphalian-birds.html"
          }
        }
      },
      "deities": {
        "name": "Deities",
        "path": "/mythos/greek/deities/",
        "topics": {
          "aphrodite": {
            "name": "Aphrodite",
            "path": "/mythos/greek/deities/aphrodite.html"
          },
          "apollo": {
            "name": "Apollo",
            "path": "/mythos/greek/deities/apollo.html"
          },
          "ares": {
            "name": "Ares",
            "path": "/mythos/greek/deities/ares.html"
          },
          "artemis": {
            "name": "Artemis",
            "path": "/mythos/greek/deities/artemis.html"
          },
          "athena": {
            "name": "Athena",
            "path": "/mythos/greek/deities/athena.html"
          },
          "cronos": {
            "name": "Cronos",
            "path": "/mythos/greek/deities/cronos.html"
          },
          "demeter": {
            "name": "Demeter",
            "path": "/mythos/greek/deities/demeter.html"
          },
          "dionysus": {
            "name": "Dionysus",
            "path": "/mythos/greek/deities/dionysus.html"
          },
          "eros": {
            "name": "Eros",
            "path": "/mythos/greek/deities/eros.html"
          },
          "gaia": {
            "name": "Gaia",
            "path": "/mythos/greek/deities/gaia.html"
          },
          "hades": {
            "name": "Hades",
            "path": "/mythos/greek/deities/hades.html"
          },
          "hephaestus": {
            "name": "Hephaestus",
            "path": "/mythos/greek/deities/hephaestus.html"
          },
          "hera": {
            "name": "Hera",
            "path": "/mythos/greek/deities/hera.html"
          },
          "hermes": {
            "name": "Hermes",
            "path": "/mythos/greek/deities/hermes.html"
          },
          "hestia": {
            "name": "Hestia",
            "path": "/mythos/greek/deities/hestia.html"
          },
          "persephone": {
            "name": "Persephone",
            "path": "/mythos/greek/deities/persephone.html"
          },
          "pluto": {
            "name": "Pluto",
            "path": "/mythos/greek/deities/pluto.html"
          },
          "poseidon": {
            "name": "Poseidon",
            "path": "/mythos/greek/deities/poseidon.html"
          },
          "prometheus": {
            "name": "Prometheus",
            "path": "/mythos/greek/deities/prometheus.html"
          },
          "thanatos": {
            "name": "Thanatos",
            "path": "/mythos/greek/deities/thanatos.html"
          },
          "uranus": {
            "name": "Uranus",
            "path": "/mythos/greek/deities/uranus.html"
          },
          "zeus": {
            "name": "Zeus",
            "path": "/mythos/greek/deities/zeus.html"
          }
        }
      },
      "herbs": {
        "name": "Sacred Plants",
        "path": "/mythos/greek/herbs/",
        "topics": {
          "ambrosia": {
            "name": "Ambrosia",
            "path": "/mythos/greek/herbs/ambrosia.html"
          },
          "laurel": {
            "name": "Laurel",
            "path": "/mythos/greek/herbs/laurel.html"
          },
          "myrtle": {
            "name": "Myrtle",
            "path": "/mythos/greek/herbs/myrtle.html"
          },
          "oak": {
            "name": "Oak",
            "path": "/mythos/greek/herbs/oak.html"
          },
          "olive": {
            "name": "Olive",
            "path": "/mythos/greek/herbs/olive.html"
          },
          "pomegranate": {
            "name": "Pomegranate",
            "path": "/mythos/greek/herbs/pomegranate.html"
          }
        }
      },
      "heroes": {
        "name": "Heroes",
        "path": "/mythos/greek/heroes/",
        "topics": {
          "achilles": {
            "name": "Achilles",
            "path": "/mythos/greek/heroes/achilles.html"
          },
          "eros-psyche": {
            "name": "Eros Psyche",
            "path": "/mythos/greek/heroes/eros-psyche.html"
          },
          "heracles": {
            "name": "Heracles",
            "path": "/mythos/greek/heroes/heracles.html"
          },
          "jason": {
            "name": "Jason",
            "path": "/mythos/greek/heroes/jason.html"
          },
          "odysseus": {
            "name": "Odysseus",
            "path": "/mythos/greek/heroes/odysseus.html"
          },
          "orpheus": {
            "name": "Orpheus",
            "path": "/mythos/greek/heroes/orpheus.html"
          },
          "perseus": {
            "name": "Perseus",
            "path": "/mythos/greek/heroes/perseus.html"
          },
          "theseus": {
            "name": "Theseus",
            "path": "/mythos/greek/heroes/theseus.html"
          }
        }
      },
      "magic": {
        "name": "Magic & Mysticism",
        "path": "/mythos/greek/magic/",
        "topics": {}
      },
      "path": {
        "name": "Spiritual Path",
        "path": "/mythos/greek/path/",
        "topics": {}
      },
      "places": {
        "name": "Sacred Places",
        "path": "/mythos/greek/places/",
        "topics": {
          "river-styx": {
            "name": "River Styx",
            "path": "/mythos/greek/places/river-styx.html"
          }
        }
      },
      "texts": {
        "name": "Sacred Texts",
        "path": "/mythos/greek/texts/",
        "topics": {}
      }
    },
    "topics": {
      "corpus-search": {
        "name": "Corpus Search",
        "path": "/mythos/greek/corpus-search.html"
      }
    }
  },
  "hindu": {
    "name": "Hindu Tradition",
    "path": "/mythos/hindu/",
    "sections": {
      "cosmology": {
        "name": "Cosmology",
        "path": "/mythos/hindu/cosmology/",
        "topics": {
          "afterlife": {
            "name": "Afterlife",
            "path": "/mythos/hindu/cosmology/afterlife.html"
          },
          "creation": {
            "name": "Creation",
            "path": "/mythos/hindu/cosmology/creation.html"
          },
          "karma": {
            "name": "Karma",
            "path": "/mythos/hindu/cosmology/karma.html"
          },
          "kshira-sagara": {
            "name": "Kshira Sagara",
            "path": "/mythos/hindu/cosmology/kshira-sagara.html"
          },
          "shiva": {
            "name": "Shiva",
            "path": "/mythos/hindu/cosmology/shiva.html"
          }
        }
      },
      "creatures": {
        "name": "Creatures",
        "path": "/mythos/hindu/creatures/",
        "topics": {
          "brahma": {
            "name": "Brahma",
            "path": "/mythos/hindu/creatures/brahma.html"
          },
          "garuda": {
            "name": "Garuda",
            "path": "/mythos/hindu/creatures/garuda.html"
          },
          "makara": {
            "name": "Makara",
            "path": "/mythos/hindu/creatures/makara.html"
          },
          "nagas": {
            "name": "Nagas",
            "path": "/mythos/hindu/creatures/nagas.html"
          },
          "shiva": {
            "name": "Shiva",
            "path": "/mythos/hindu/creatures/shiva.html"
          },
          "vishnu": {
            "name": "Vishnu",
            "path": "/mythos/hindu/creatures/vishnu.html"
          }
        }
      },
      "deities": {
        "name": "Deities",
        "path": "/mythos/hindu/deities/",
        "topics": {
          "brahma": {
            "name": "Brahma",
            "path": "/mythos/hindu/deities/brahma.html"
          },
          "dhanvantari": {
            "name": "Dhanvantari",
            "path": "/mythos/hindu/deities/dhanvantari.html"
          },
          "durga": {
            "name": "Durga",
            "path": "/mythos/hindu/deities/durga.html"
          },
          "dyaus": {
            "name": "Dyaus",
            "path": "/mythos/hindu/deities/dyaus.html"
          },
          "ganesha": {
            "name": "Ganesha",
            "path": "/mythos/hindu/deities/ganesha.html"
          },
          "hanuman": {
            "name": "Hanuman",
            "path": "/mythos/hindu/deities/hanuman.html"
          },
          "indra": {
            "name": "Indra",
            "path": "/mythos/hindu/deities/indra.html"
          },
          "kali": {
            "name": "Kali",
            "path": "/mythos/hindu/deities/kali.html"
          },
          "kartikeya": {
            "name": "Kartikeya",
            "path": "/mythos/hindu/deities/kartikeya.html"
          },
          "krishna": {
            "name": "Krishna",
            "path": "/mythos/hindu/deities/krishna.html"
          },
          "lakshmi": {
            "name": "Lakshmi",
            "path": "/mythos/hindu/deities/lakshmi.html"
          },
          "parvati": {
            "name": "Parvati",
            "path": "/mythos/hindu/deities/parvati.html"
          },
          "prithvi": {
            "name": "Prithvi",
            "path": "/mythos/hindu/deities/prithvi.html"
          },
          "rati": {
            "name": "Rati",
            "path": "/mythos/hindu/deities/rati.html"
          },
          "saraswati": {
            "name": "Saraswati",
            "path": "/mythos/hindu/deities/saraswati.html"
          },
          "shiva": {
            "name": "Shiva",
            "path": "/mythos/hindu/deities/shiva.html"
          },
          "vishnu": {
            "name": "Vishnu",
            "path": "/mythos/hindu/deities/vishnu.html"
          },
          "vritra": {
            "name": "Vritra",
            "path": "/mythos/hindu/deities/vritra.html"
          },
          "yama": {
            "name": "Yama",
            "path": "/mythos/hindu/deities/yama.html"
          },
          "yami": {
            "name": "Yami",
            "path": "/mythos/hindu/deities/yami.html"
          }
        }
      },
      "herbs": {
        "name": "Sacred Plants",
        "path": "/mythos/hindu/herbs/",
        "topics": {
          "soma": {
            "name": "Soma",
            "path": "/mythos/hindu/herbs/soma.html"
          }
        }
      },
      "heroes": {
        "name": "Heroes",
        "path": "/mythos/hindu/heroes/",
        "topics": {
          "krishna": {
            "name": "Krishna",
            "path": "/mythos/hindu/heroes/krishna.html"
          },
          "rama": {
            "name": "Rama",
            "path": "/mythos/hindu/heroes/rama.html"
          }
        }
      },
      "magic": {
        "name": "Magic & Mysticism",
        "path": "/mythos/hindu/magic/",
        "topics": {}
      },
      "path": {
        "name": "Spiritual Path",
        "path": "/mythos/hindu/path/",
        "topics": {}
      },
      "texts": {
        "name": "Sacred Texts",
        "path": "/mythos/hindu/texts/",
        "topics": {}
      }
    },
    "topics": {
      "corpus-search": {
        "name": "Corpus Search",
        "path": "/mythos/hindu/corpus-search.html"
      }
    }
  },
  "jewish": {
    "name": "Jewish Tradition",
    "path": "/mythos/jewish/",
    "sections": {
      "cosmology": {
        "name": "Cosmology",
        "path": "/mythos/jewish/cosmology/",
        "topics": {}
      },
      "deities": {
        "name": "Deities",
        "path": "/mythos/jewish/deities/",
        "topics": {}
      },
      "herbs": {
        "name": "Sacred Plants",
        "path": "/mythos/jewish/herbs/",
        "topics": {}
      },
      "heroes": {
        "name": "Heroes",
        "path": "/mythos/jewish/heroes/",
        "topics": {
          "abraham": {
            "name": "Abraham",
            "path": "/mythos/jewish/heroes/abraham.html"
          },
          "1-enoch-heavenly-journeys": {
            "name": "1 Enoch Heavenly Journeys",
            "path": "/mythos/jewish/heroes/1-enoch-heavenly-journeys.html"
          },
          "assumption-tradition": {
            "name": "Assumption Tradition",
            "path": "/mythos/jewish/heroes/assumption-tradition.html"
          },
          "enoch-calendar": {
            "name": "Enoch Calendar",
            "path": "/mythos/jewish/heroes/enoch-calendar.html"
          },
          "enoch-hermes-thoth": {
            "name": "Enoch Hermes Thoth",
            "path": "/mythos/jewish/heroes/enoch-hermes-thoth.html"
          },
          "enoch-islam": {
            "name": "Enoch Islam",
            "path": "/mythos/jewish/heroes/enoch-islam.html"
          },
          "enoch-pseudepigrapha": {
            "name": "Enoch Pseudepigrapha",
            "path": "/mythos/jewish/heroes/enoch-pseudepigrapha.html"
          },
          "genesis-enoch": {
            "name": "Genesis Enoch",
            "path": "/mythos/jewish/heroes/genesis-enoch.html"
          },
          "metatron-transformation": {
            "name": "Metatron Transformation",
            "path": "/mythos/jewish/heroes/metatron-transformation.html"
          },
          "seven-seals": {
            "name": "Seven Seals",
            "path": "/mythos/jewish/heroes/seven-seals.html"
          },
          "circumcision-parallels": {
            "name": "Circumcision Parallels",
            "path": "/mythos/jewish/heroes/circumcision-parallels.html"
          },
          "egyptian-monotheism": {
            "name": "Egyptian Monotheism",
            "path": "/mythos/jewish/heroes/egyptian-monotheism.html"
          },
          "magician-showdown": {
            "name": "Magician Showdown",
            "path": "/mythos/jewish/heroes/magician-showdown.html"
          },
          "moses-horus-parallels": {
            "name": "Moses Horus Parallels",
            "path": "/mythos/jewish/heroes/moses-horus-parallels.html"
          },
          "plagues-egyptian-gods": {
            "name": "Plagues Egyptian Gods",
            "path": "/mythos/jewish/heroes/plagues-egyptian-gods.html"
          },
          "reed-symbolism": {
            "name": "Reed Symbolism",
            "path": "/mythos/jewish/heroes/reed-symbolism.html"
          },
          "virgin-births": {
            "name": "Virgin Births",
            "path": "/mythos/jewish/heroes/virgin-births.html"
          },
          "moses": {
            "name": "Moses",
            "path": "/mythos/jewish/heroes/moses.html"
          }
        }
      },
      "items": {
        "name": "Sacred Items",
        "path": "/mythos/jewish/items/",
        "topics": {}
      },
      "kabbalah": {
        "name": "Kabbalah",
        "path": "/mythos/jewish/kabbalah/",
        "topics": {
          "1": {
            "name": "1",
            "path": "/mythos/jewish/kabbalah/1.html"
          },
          "angels": {
            "name": "Angels",
            "path": "/mythos/jewish/kabbalah/angels.html"
          },
          "ascension": {
            "name": "Ascension",
            "path": "/mythos/jewish/kabbalah/ascension.html"
          },
          "concepts-physics-integration": {
            "name": "Concepts Physics Integration",
            "path": "/mythos/jewish/kabbalah/concepts-physics-integration.html"
          },
          "concepts": {
            "name": "Concepts",
            "path": "/mythos/jewish/kabbalah/concepts.html"
          },
          "names_overview": {
            "name": "Names_overview",
            "path": "/mythos/jewish/kabbalah/names_overview.html"
          },
          "10-sefirot": {
            "name": "10 Sefirot",
            "path": "/mythos/jewish/kabbalah/10-sefirot.html"
          },
          "288-sparks": {
            "name": "288 Sparks",
            "path": "/mythos/jewish/kabbalah/288-sparks.html"
          },
          "4-worlds": {
            "name": "4 Worlds",
            "path": "/mythos/jewish/kabbalah/4-worlds.html"
          },
          "72-names": {
            "name": "72 Names",
            "path": "/mythos/jewish/kabbalah/72-names.html"
          },
          "physics-integration": {
            "name": "Physics Integration",
            "path": "/mythos/jewish/kabbalah/physics-integration.html"
          },
          "qlippot": {
            "name": "Qlippot",
            "path": "/mythos/jewish/kabbalah/qlippot.html"
          },
          "binah": {
            "name": "Binah",
            "path": "/mythos/jewish/kabbalah/binah.html"
          },
          "chesed": {
            "name": "Chesed",
            "path": "/mythos/jewish/kabbalah/chesed.html"
          },
          "chokmah": {
            "name": "Chokmah",
            "path": "/mythos/jewish/kabbalah/chokmah.html"
          },
          "gevurah": {
            "name": "Gevurah",
            "path": "/mythos/jewish/kabbalah/gevurah.html"
          },
          "hod": {
            "name": "Hod",
            "path": "/mythos/jewish/kabbalah/hod.html"
          },
          "keter": {
            "name": "Keter",
            "path": "/mythos/jewish/kabbalah/keter.html"
          },
          "malkhut": {
            "name": "Malkhut",
            "path": "/mythos/jewish/kabbalah/malkhut.html"
          },
          "netzach": {
            "name": "Netzach",
            "path": "/mythos/jewish/kabbalah/netzach.html"
          },
          "tiferet": {
            "name": "Tiferet",
            "path": "/mythos/jewish/kabbalah/tiferet.html"
          },
          "yesod": {
            "name": "Yesod",
            "path": "/mythos/jewish/kabbalah/yesod.html"
          },
          "sefirot_overview": {
            "name": "Sefirot_overview",
            "path": "/mythos/jewish/kabbalah/sefirot_overview.html"
          },
          "vehu-atziluth": {
            "name": "Vehu Atziluth",
            "path": "/mythos/jewish/kabbalah/vehu-atziluth.html"
          },
          "assiah": {
            "name": "Assiah",
            "path": "/mythos/jewish/kabbalah/assiah.html"
          },
          "atziluth": {
            "name": "Atziluth",
            "path": "/mythos/jewish/kabbalah/atziluth.html"
          },
          "beriah": {
            "name": "Beriah",
            "path": "/mythos/jewish/kabbalah/beriah.html"
          },
          "yetzirah": {
            "name": "Yetzirah",
            "path": "/mythos/jewish/kabbalah/yetzirah.html"
          },
          "worlds_overview": {
            "name": "Worlds_overview",
            "path": "/mythos/jewish/kabbalah/worlds_overview.html"
          }
        }
      },
      "magic": {
        "name": "Magic & Mysticism",
        "path": "/mythos/jewish/magic/",
        "topics": {}
      },
      "path": {
        "name": "Spiritual Path",
        "path": "/mythos/jewish/path/",
        "topics": {}
      },
      "texts": {
        "name": "Sacred Texts",
        "path": "/mythos/jewish/texts/",
        "topics": {
          "flood-myths-ane": {
            "name": "Flood Myths Ane",
            "path": "/mythos/jewish/texts/flood-myths-ane.html"
          },
          "potter-and-clay": {
            "name": "Potter And Clay",
            "path": "/mythos/jewish/texts/potter-and-clay.html"
          },
          "tiamat-and-tehom": {
            "name": "Tiamat And Tehom",
            "path": "/mythos/jewish/texts/tiamat-and-tehom.html"
          }
        }
      }
    },
    "topics": {
      "corpus-search": {
        "name": "Corpus Search",
        "path": "/mythos/jewish/corpus-search.html"
      }
    }
  },
  "norse": {
    "name": "Norse Mythology",
    "path": "/mythos/norse/",
    "sections": {
      "concepts": {
        "name": "Concepts",
        "path": "/mythos/norse/concepts/",
        "topics": {
          "aesir": {
            "name": "Aesir",
            "path": "/mythos/norse/concepts/aesir.html"
          },
          "ragnarok": {
            "name": "Ragnarok",
            "path": "/mythos/norse/concepts/ragnarok.html"
          }
        }
      },
      "cosmology": {
        "name": "Cosmology",
        "path": "/mythos/norse/cosmology/",
        "topics": {
          "afterlife": {
            "name": "Afterlife",
            "path": "/mythos/norse/cosmology/afterlife.html"
          },
          "asgard": {
            "name": "Asgard",
            "path": "/mythos/norse/cosmology/asgard.html"
          },
          "creation": {
            "name": "Creation",
            "path": "/mythos/norse/cosmology/creation.html"
          },
          "ragnarok": {
            "name": "Ragnarok",
            "path": "/mythos/norse/cosmology/ragnarok.html"
          },
          "yggdrasil": {
            "name": "Yggdrasil",
            "path": "/mythos/norse/cosmology/yggdrasil.html"
          }
        }
      },
      "creatures": {
        "name": "Creatures",
        "path": "/mythos/norse/creatures/",
        "topics": {
          "jotnar": {
            "name": "Jotnar",
            "path": "/mythos/norse/creatures/jotnar.html"
          },
          "svadilfari": {
            "name": "Svadilfari",
            "path": "/mythos/norse/creatures/svadilfari.html"
          }
        }
      },
      "deities": {
        "name": "Deities",
        "path": "/mythos/norse/deities/",
        "topics": {
          "baldr": {
            "name": "Baldr",
            "path": "/mythos/norse/deities/baldr.html"
          },
          "eir": {
            "name": "Eir",
            "path": "/mythos/norse/deities/eir.html"
          },
          "freya": {
            "name": "Freya",
            "path": "/mythos/norse/deities/freya.html"
          },
          "freyja": {
            "name": "Freyja",
            "path": "/mythos/norse/deities/freyja.html"
          },
          "frigg": {
            "name": "Frigg",
            "path": "/mythos/norse/deities/frigg.html"
          },
          "heimdall": {
            "name": "Heimdall",
            "path": "/mythos/norse/deities/heimdall.html"
          },
          "hel": {
            "name": "Hel",
            "path": "/mythos/norse/deities/hel.html"
          },
          "hod": {
            "name": "Hod",
            "path": "/mythos/norse/deities/hod.html"
          },
          "jord": {
            "name": "Jord",
            "path": "/mythos/norse/deities/jord.html"
          },
          "laufey": {
            "name": "Laufey",
            "path": "/mythos/norse/deities/laufey.html"
          },
          "loki": {
            "name": "Loki",
            "path": "/mythos/norse/deities/loki.html"
          },
          "nari": {
            "name": "Nari",
            "path": "/mythos/norse/deities/nari.html"
          },
          "odin": {
            "name": "Odin",
            "path": "/mythos/norse/deities/odin.html"
          },
          "skadi": {
            "name": "Skadi",
            "path": "/mythos/norse/deities/skadi.html"
          },
          "thor": {
            "name": "Thor",
            "path": "/mythos/norse/deities/thor.html"
          },
          "tyr": {
            "name": "Tyr",
            "path": "/mythos/norse/deities/tyr.html"
          },
          "vali": {
            "name": "Vali",
            "path": "/mythos/norse/deities/vali.html"
          }
        }
      },
      "herbs": {
        "name": "Sacred Plants",
        "path": "/mythos/norse/herbs/",
        "topics": {
          "ash": {
            "name": "Ash",
            "path": "/mythos/norse/herbs/ash.html"
          },
          "elder": {
            "name": "Elder",
            "path": "/mythos/norse/herbs/elder.html"
          },
          "mugwort": {
            "name": "Mugwort",
            "path": "/mythos/norse/herbs/mugwort.html"
          },
          "yarrow": {
            "name": "Yarrow",
            "path": "/mythos/norse/herbs/yarrow.html"
          },
          "yew": {
            "name": "Yew",
            "path": "/mythos/norse/herbs/yew.html"
          },
          "yggdrasil": {
            "name": "Yggdrasil",
            "path": "/mythos/norse/herbs/yggdrasil.html"
          }
        }
      },
      "heroes": {
        "name": "Heroes",
        "path": "/mythos/norse/heroes/",
        "topics": {
          "sigurd": {
            "name": "Sigurd",
            "path": "/mythos/norse/heroes/sigurd.html"
          }
        }
      },
      "magic": {
        "name": "Magic & Mysticism",
        "path": "/mythos/norse/magic/",
        "topics": {}
      },
      "path": {
        "name": "Spiritual Path",
        "path": "/mythos/norse/path/",
        "topics": {}
      },
      "places": {
        "name": "Sacred Places",
        "path": "/mythos/norse/places/",
        "topics": {
          "asgard": {
            "name": "Asgard",
            "path": "/mythos/norse/places/asgard.html"
          }
        }
      },
      "texts": {
        "name": "Sacred Texts",
        "path": "/mythos/norse/texts/",
        "topics": {}
      }
    },
    "topics": {
      "corpus-search": {
        "name": "Corpus Search",
        "path": "/mythos/norse/corpus-search.html"
      }
    }
  },
  "roman": {
    "name": "Roman Mythology",
    "path": "/mythos/roman/",
    "sections": {
      "cosmology": {
        "name": "Cosmology",
        "path": "/mythos/roman/cosmology/",
        "topics": {
          "afterlife": {
            "name": "Afterlife",
            "path": "/mythos/roman/cosmology/afterlife.html"
          },
          "creation": {
            "name": "Creation",
            "path": "/mythos/roman/cosmology/creation.html"
          }
        }
      },
      "creatures": {
        "name": "Creatures",
        "path": "/mythos/roman/creatures/",
        "topics": {}
      },
      "deities": {
        "name": "Deities",
        "path": "/mythos/roman/deities/",
        "topics": {
          "apollo": {
            "name": "Apollo",
            "path": "/mythos/roman/deities/apollo.html"
          },
          "bacchus": {
            "name": "Bacchus",
            "path": "/mythos/roman/deities/bacchus.html"
          },
          "ceres": {
            "name": "Ceres",
            "path": "/mythos/roman/deities/ceres.html"
          },
          "cupid": {
            "name": "Cupid",
            "path": "/mythos/roman/deities/cupid.html"
          },
          "diana": {
            "name": "Diana",
            "path": "/mythos/roman/deities/diana.html"
          },
          "fortuna": {
            "name": "Fortuna",
            "path": "/mythos/roman/deities/fortuna.html"
          },
          "janus": {
            "name": "Janus",
            "path": "/mythos/roman/deities/janus.html"
          },
          "juno": {
            "name": "Juno",
            "path": "/mythos/roman/deities/juno.html"
          },
          "jupiter": {
            "name": "Jupiter",
            "path": "/mythos/roman/deities/jupiter.html"
          },
          "mars": {
            "name": "Mars",
            "path": "/mythos/roman/deities/mars.html"
          },
          "mercury": {
            "name": "Mercury",
            "path": "/mythos/roman/deities/mercury.html"
          },
          "minerva": {
            "name": "Minerva",
            "path": "/mythos/roman/deities/minerva.html"
          },
          "neptune": {
            "name": "Neptune",
            "path": "/mythos/roman/deities/neptune.html"
          },
          "pluto": {
            "name": "Pluto",
            "path": "/mythos/roman/deities/pluto.html"
          },
          "proserpina": {
            "name": "Proserpina",
            "path": "/mythos/roman/deities/proserpina.html"
          },
          "saturn": {
            "name": "Saturn",
            "path": "/mythos/roman/deities/saturn.html"
          },
          "venus": {
            "name": "Venus",
            "path": "/mythos/roman/deities/venus.html"
          },
          "vesta": {
            "name": "Vesta",
            "path": "/mythos/roman/deities/vesta.html"
          },
          "vulcan": {
            "name": "Vulcan",
            "path": "/mythos/roman/deities/vulcan.html"
          }
        }
      },
      "herbs": {
        "name": "Sacred Plants",
        "path": "/mythos/roman/herbs/",
        "topics": {}
      },
      "heroes": {
        "name": "Heroes",
        "path": "/mythos/roman/heroes/",
        "topics": {
          "aeneas": {
            "name": "Aeneas",
            "path": "/mythos/roman/heroes/aeneas.html"
          }
        }
      },
      "magic": {
        "name": "Magic & Mysticism",
        "path": "/mythos/roman/magic/",
        "topics": {}
      },
      "path": {
        "name": "Spiritual Path",
        "path": "/mythos/roman/path/",
        "topics": {}
      },
      "texts": {
        "name": "Sacred Texts",
        "path": "/mythos/roman/texts/",
        "topics": {}
      }
    },
    "topics": {
      "corpus-search": {
        "name": "Corpus Search",
        "path": "/mythos/roman/corpus-search.html"
      }
    }
  },
  "sumerian": {
    "name": "Sumerian Mythology",
    "path": "/mythos/sumerian/",
    "sections": {
      "cosmology": {
        "name": "Cosmology",
        "path": "/mythos/sumerian/cosmology/",
        "topics": {
          "afterlife": {
            "name": "Afterlife",
            "path": "/mythos/sumerian/cosmology/afterlife.html"
          },
          "anunnaki": {
            "name": "Anunnaki",
            "path": "/mythos/sumerian/cosmology/anunnaki.html"
          },
          "creation": {
            "name": "Creation",
            "path": "/mythos/sumerian/cosmology/creation.html"
          },
          "me": {
            "name": "Me",
            "path": "/mythos/sumerian/cosmology/me.html"
          }
        }
      },
      "creatures": {
        "name": "Creatures",
        "path": "/mythos/sumerian/creatures/",
        "topics": {
          "lamassu": {
            "name": "Lamassu",
            "path": "/mythos/sumerian/creatures/lamassu.html"
          }
        }
      },
      "deities": {
        "name": "Deities",
        "path": "/mythos/sumerian/deities/",
        "topics": {
          "an": {
            "name": "An",
            "path": "/mythos/sumerian/deities/an.html"
          },
          "dumuzi": {
            "name": "Dumuzi",
            "path": "/mythos/sumerian/deities/dumuzi.html"
          },
          "enki": {
            "name": "Enki",
            "path": "/mythos/sumerian/deities/enki.html"
          },
          "enlil": {
            "name": "Enlil",
            "path": "/mythos/sumerian/deities/enlil.html"
          },
          "ereshkigal": {
            "name": "Ereshkigal",
            "path": "/mythos/sumerian/deities/ereshkigal.html"
          },
          "inanna": {
            "name": "Inanna",
            "path": "/mythos/sumerian/deities/inanna.html"
          },
          "utu": {
            "name": "Utu",
            "path": "/mythos/sumerian/deities/utu.html"
          }
        }
      },
      "herbs": {
        "name": "Sacred Plants",
        "path": "/mythos/sumerian/herbs/",
        "topics": {}
      },
      "heroes": {
        "name": "Heroes",
        "path": "/mythos/sumerian/heroes/",
        "topics": {
          "gilgamesh": {
            "name": "Gilgamesh",
            "path": "/mythos/sumerian/heroes/gilgamesh.html"
          }
        }
      },
      "magic": {
        "name": "Magic & Mysticism",
        "path": "/mythos/sumerian/magic/",
        "topics": {}
      },
      "path": {
        "name": "Spiritual Path",
        "path": "/mythos/sumerian/path/",
        "topics": {}
      },
      "texts": {
        "name": "Sacred Texts",
        "path": "/mythos/sumerian/texts/",
        "topics": {}
      }
    },
    "topics": {
      "corpus-search": {
        "name": "Corpus Search",
        "path": "/mythos/sumerian/corpus-search.html"
      }
    }
  }
}